<Module>
	<Name value="MoreMercenariesForMyTavern"/>
	<Id value="MoreMercenariesForMyTavern"/>
	<Version value="v1.0.2"/>
	<SingleplayerModule value="true"/>
  <MultiplayerModule value="false"/>
  <DependedModules>
    <DependedModule Id="Native" />
    <DependedModule Id="SandBoxCore" />
    <DependedModule Id="Sandbox" />
    <DependedModule Id="CustomBattle" />
    <DependedModule Id="StoryMode" />
    <DependedModule Id="Bannerlord.MBOptionScreen"/>
  </DependedModules>
  <SubModules>
	<SubModule>
             <Name value="MoreMercenariesForMyTavern"/>
             <DLLName value="MoreMercenariesForMyTavern.dll"/>
             <SubModuleClassType value="MoreMercenariesForMyTavern.SubModule"/>
             <Tags>
                 <Tag key="DedicatedServerType" value="none" />
                 <Tag key="IsNoRenderModeElement" value="false" />
             </Tags>
         </SubModule>
  </SubModules>
</Module>